{
  "method": "trained_finetuned_same_80_samples",
  "n_total": 80,
  "per_set_qwk": {
    "1": 0.7096774193548387,
    "2": 1.0,
    "3": 0.6753246753246753,
    "4": 0.8275862068965517,
    "5": 0.8876404494382022,
    "6": 0.5833333333333333,
    "7": 0.7142857142857143,
    "8": 0.6440397350993378
  },
  "macro_qwk": 0.7552359417165817
}