{
  "method": "trained_custom_same_80_samples",
  "n_total": 80,
  "per_set_qwk": {
    "1": 0.8305084745762712,
    "2": 0.9056603773584906,
    "3": 0.7647058823529411,
    "4": 0.9333333333333333,
    "5": 0.7701149425287356,
    "6": 0.7058823529411764,
    "7": 0.6632996632996633,
    "8": 0.2517006802721088
  },
  "macro_qwk": 0.72815071333284
}