{
  "method": "trained_weighted_ensemble_same_80_samples",
  "weight_finetuned": 0.95,
  "weight_custom": 0.05,
  "weight_selection": "1288条验证集以0.05步长搜索后固定",
  "n_total": 80,
  "per_set_qwk": {
    "1": 0.7096774193548387,
    "2": 1.0,
    "3": 0.6753246753246753,
    "4": 0.8275862068965517,
    "5": 0.8876404494382022,
    "6": 0.5833333333333333,
    "7": 0.7439353099730459,
    "8": 0.6440397350993378
  },
  "macro_qwk": 0.7589421411774981
}
